INSERT INTO `больничные_палаты` (`номер_палаты`, `количество_коек`, `отделение`) VALUES 
('1', '5', 'Инфекционное'), 
('2', '3', 'Онкологическое'), 
('3', '1', 'Травматологическое'), 
('4', '2', 'Онкологическое'), 
('5', '4', 'Хирургическое'), 
('6', '5', 'Инфекционное'), 
('7', '2', 'Урологическое'), 
('8', '1', 'Хирургическое'), 
('9', '5', 'Инфекционное'), 
('10', '5', 'Хирургическое'), 
('11', '2', 'Травматологическое'), 
('12', '3', 'Онкологическое'), 
('13', '3', 'Эндоскопическое'), 
('14', '4', 'Эндоскопическое'), 
('15', '5', 'Хирургическое'), 
('16', '3', 'Инфекционное'), 
('17', '2', 'Эндоскопическое'), 
('18', '3', 'Онкологическое'), 
('19', '2', 'Неврологическое'),
('20', '4', 'Хирургическое');

INSERT INTO `врачи` (`идентификатор`, `фио`, `отделение`, `специализация`) 
VALUES ('1', 'Савин В.Д.', 'Эндоскопическое', 'Реаниматолог'),
('2', 'Ларионов Д.Л.', 'Неврологическое', 'Аллерголог'), 
('3', 'Виноградов А.М.', 'Инфекционное', 'Стоматолог'), 
('4', 'Власов З.Р.', 'Урологическое', 'Педиатр'), 
('5', 'Горбунова А.А.', 'Травматологическое', 'Дезинфекционист'), 
('6', 'Лазарев Г.Б.', 'Неврологическое', 'Кардиолог'), 
('7', 'Белозёров А.И.', 'Урологическое', 'Уролог'), 
('8', 'Михеева Н.А.', 'Онкологическое', 'Аллерголог'), 
('9', 'Пестова Н.Д.', 'Хирургическое', 'Реаниматолог'), 
('10', 'Калашников Д.А.', 'Инфекционное', 'Уролог'),
('11', 'Аксёнов К.И.', 'Эндоскопическое', 'Педиатр'), 
('12', 'Гордеева С.А.', 'Травматологическое', 'Педиатр'), 
('13', 'Харитонова И.С.', 'Неврологическое', 'Уролог'), 
('14', 'Самсонов П.Е.', 'Инфекционное', 'Реаниматолог'), 
('15', 'Зиновьева М.Д.', 'Онкологическое', 'Дезинфекционист'), 
('16', 'Воробьёва Е.М.', 'Эндоскопическое', 'Дезинфекционист'), 
('17', 'Мельников В.И.', 'Неврологическое', 'Аллерголог'), 
('18', 'Кудрявцев А.Ф.', 'Хирургическое', 'Стоматолог'), 
('19', 'Рябова И.А.', 'Хирургическое', 'Педиатр'), 
('20', 'Крылова А.И.', 'Урологическое', 'Стоматолог');

INSERT INTO `пациенты` (`рег_номер`, `фио`, `пол`, `номер_полиса`, `дата_поступления`, `номер_палаты`, `лечащий_врач`, `диагноз`, `дата_выписки`)
VALUES ('1', 'Орлов Ф.Ф.', 'М', '2921665587', '2022-05-29', '12', '15', 'Брадзот', '2022-09-10'), 
('2', 'Бобылёв В.В.', 'Ж', '41497602537', '2022-05-25', '15', '15', 'Сессия', '2022-09-13'), 
('3', 'Кабанов М.С.', 'Ж', '7310598870', '2022-05-17', '7', '4', 'Сессия', '2022-08-14'), 
('4', 'Дорофеев А.Д.', 'М', '3163385823', '2022-05-19', '13', '7', 'Контроша', '2022-06-11'), 
('5', 'Петухов Р.А.', 'М', '20791351667', '2022-05-13', '19', '7', 'Коллок', '2022-06-15'), 
('6', 'Никонов В.А.', 'М', '90994487954', '2022-06-06', '10', '15', 'Сессия', '2022-08-09'), 
('7', 'Павлов Л.Е.', 'Ж', '73532744300', '2022-05-23', '12', '1', 'Нанофиетоз', '2022-07-19'), 
('8', 'Щербакова И.Е.', 'Ж', '7273387165', '2022-05-29', '15', '20', 'Анизакидоз', '2022-07-11'), 
('9', 'Суворова Д.В.', 'Ж', '7327670222', '2022-05-24', '12', '1', 'Брадзот', '2022-09-14'), 
('10', 'Лукина Р.А.', 'Ж', '89740485803', '2022-05-11', '10', '15', 'Контроша', '2022-09-05'), 
('11', 'Горшков В.А.', 'Ж', '6673828874', '2022-05-15', '20', '3', 'Анизакидоз', '2022-09-12'), 
('12', 'Пономарёв А.Е.', 'М', '4771756565', '2022-05-12', '6', '13', 'Колеоптерозы', '2022-07-01'),
('13', 'Филиппов Н.И.', 'М', '16256413574', '2022-05-28', '16', '4', 'Коллок', '2022-06-09'),
('14', 'Коновалова Ф.Л.', 'Ж', '77499908675', '2022-05-31', '17', '16', 'Брадзот', '2022-07-18'),
('15', 'Одинцов Н.И.', 'М', '20414820183', '2022-05-29', '13', '14', 'Контроша', '2022-08-12'),
('16', 'Осипова А.А.', 'Ж', '50161795840', '2022-06-03', '20', '20', 'Брадзот', '2022-07-12'),
('17', 'Громова Ф.В.', 'Ж', '1788559669', '2022-05-21', '5', '1', 'Контроша', '2022-08-18'), 
('18', 'Кабанова М.Д.', 'М', '93770458182', '2022-06-06', '6', '12', 'Грипп', '2022-07-26'), 
('19', 'Крылова Э.А.', 'Ж', '917812098', '2022-05-26', '7', '19', 'Гастрофилёз', '2022-06-19'), 
('20', 'Миронов Ф.М.', 'Ж', '52171935489', '2022-05-29', '20', '18', 'Грипп', '2022-06-27');

INSERT INTO `пациенты` (`рег_номер`, `фио`, `номер_полиса`, `дата_поступления`, `номер_палаты`, `лечащий_врач`, `диагноз`) 
VALUES ('21', 'Морозова А.Р.', '98267554778', '2022-05-21', '20', '15', 'Анизакидоз'), 
('22', 'Борисова Р.В.', '4059856400', '2022-06-01', '7', '8', 'Дерматобиаз'), 
('23', 'Никонова Е.И.', '20041243710', '2022-05-25', '6', '11', 'Колеоптерозы'), 
('24', 'Матвеева З.С.', '14250591386', '2022-05-22', '19', '3', 'Гастрофилёз'), 
('25', 'Мясникова И.М.', '29762462839', '2022-05-10', '3', '9', 'Контроша');

INSERT INTO `пациенты` (`рег_номер`, `фио`, `номер_полиса`, `дата_поступления`, `номер_палаты`, `лечащий_врач`, `диагноз`, `пол`) 
VALUES ('26', 'Назарова И.А.', '62660739837', '2022-05-19', '14', '8', 'Язва', 'М'), 
('27', 'Николаева И.С.', '41952118108', '2022-06-08', '12', '11', 'Грипп', 'Ж'), 
('28', 'Гурьева Н.В.', '41563840646', '2022-05-27', '16', '18', 'Грипп', 'М'), 
('29', 'Рыбакова Л.С.', '15436650180', '2022-06-04', '7', '16', 'Язва', 'М'), 
('30', 'Громов С.Л.', '78921975187', '2022-05-19', '14', '1', 'Язва', 'М'), 
('31', 'Блохин А.М.', '41637497538', '2022-05-31', '2', '16', 'Язва', 'Ж'), 
('32', 'Сорокин А.М.', '84499619732', '2022-05-15', '19', '3', 'Язва', 'М'), 
('33', 'Логинов К.А.', '85497598406', '2022-06-01', '10', '2', 'Язва', 'М'), 
('34', 'Третьяков В.В.', '769835803', '2022-06-02', '5', '1', 'Грипп', 'Ж'), 
('35', 'Лапин А.И.', '52846630961', '2022-05-31', '9', '18', 'Язва', 'М');